text,label,word_count
"My mom then hit me with the newspaper and it shocked me that she would do this, she knows I don't like play hitting, smacking, striking, hitting or violence of any sort on my person. Do I send out this vibe asking for it from the universe? Then yesterday I decided to take my friend to go help another ""friend"" move to a new place. While we were driving the friend we are moving strikes me on my shoulder. And I address it immediately because this is the 4th time I have told him not to do these things, then my other friend who is driving nearly gets into an collision with another car i think because he was high on marijuana and the friend we are moving in the backseat is like ""you have to understand I was just trying to get your attention"" you know the thing 5 year olds do to get peoples attention by smacking them, this guy is in his 60's.",minimum,166
"until i met my new boyfriend, he is amazing, he is kind, he is sweet, he is a good student, he likes the same things as me, my family likes him, and so on... but i dont feel that passion that rush i felt with my ex, the truth is that when i started going out with my boyfriend i secretly saw my ex a few times to see if i really didnt feel nothing for him, but it was disgusting, i didnt even want him to touch me, i feel bad with myself i didnt want him, but still, i was there. then i kinda realized i felt nothing love related for him and it was ok, HE was HURT when he knew i was dating this boy and he even begged me to stay but of course not. but now the problem is that when im with my boyfriend i dont feel like i love him, like that thing you kinda have to feel with a new love, i just feel ""ok"" with him, and i catch myself thinking about my ex from time to time, remembering all the good things we had and it drives me crazy because i know that if i see him again i wont feel that way, that ""love"" that my mind makes me think stills there. and recently i found out that he has a girl and he is actually enjoying the experience and i got so mad and so hurt (i know i dont have any right to feel that way) i felt betrayed and I STILL feel that way, i gross myself out.",mild,273
"She was already against smoking weed after college at first but now she seems to have moved to a stance where she's okay with me smoking weed as long as she's there when it happens, as in I could smoke with just her or when we're both hanging out with the same friends. I've tried asking her about it and genuinely understanding why she feels this way about it but she can't seem to describe it rationally, saying that it's a gut feeling that she gets that legitimately bothers her and gives her anxiety. She seemed very distressed talking about it and was almost at the poiint of tears saying that she wishes she knew why it bothers her so much but it does and she can't help it no matter how much she thinks about it or how much I try to explain it to her. I don't know how to explain this to her. I don't want to give up the option of smoking weed with friends but I don't want to break up with her over something like this because I love her.",minimum,186
"(Hurt the ego, but whatever, I guess you're not always gonna be the hottest guy she's ever been with.) Then I found another thing that pretty much destroyed me - an e-mail to her high school boyfriend begging him to come visit her and have sex with her, because of how fantastic it was when they used to have sex. This was probably half a year after we had split up, and the implied comparison with me was pretty clear. Making matters worse is that this guy basically checks all the boxes on shit that makes me insecure - tall, douchey rich guy (in contrast to me - 5'8"", not at all douchey guy with a good but not incredibly glamorous career). Anyway, these pieces of information - that she pretty much opened up to me sexually only when she felt threatened by another woman, and that she has clearly been with other guys who she's had much more sexual interest in than me - pretty much led me to the alternate hypothesis that it wasn't the vaginal pain and the birth control so much as her lack of attraction to me in comparison to past boyfriends.",severe,197
"I cant take video of him due to the lights aimed in the wrong direction and the thick trees and bushes, theres a security cam but i DOUBT its aimed at that back area of the parking lot. Its amazing how many trips down a major road he can make without a cop asking why hes wheeling a friggin COUCH down the road at 4am. And i dont want to start hitting him with the blunt side of my axe, due to my situation im not real strong, and since i grew up in this area, i wasn't ""street trained"" like what people might call a ""thug"". So, any suggestions on how i can get rid of this guy but also not have to the area myself at least for a little while, till i can get my bike fixed, i use this library for my work on my laptop, so i kinda want to remain close. Thanks,",minimum,158
"I have replaced my bank card and everything else is canceled, but still haven't went to get a replacement license (another expense I don't really want to think of right now), so I am unable to get one of those free government phones. I am more than willing to repay you in any payment plan you come up with and I can put repayment to you as my second to top priority (I really need some new socks - they get priority, trust me on this, they took my socks and I'm on day 3). Anyway PM of you have any questions. I would be able to take PayPal, Cash App (I no longer have the card but can transfer to bank), a Kroger/Fry's egiftcard or an old T-Mobile phone / unlocked one if someone is local (around <location> ) and wants to meet up even after hearing about my socks. I do have a police report number if anyone needed to verify.",minimum,163
"Every day I wake up doing nothing. Absolutely nothing except wasting my life, hoping something would happen but of course nothing would happen because I am a lonely fuck who pushes away everyone in his life while everyone else goes out and party like there is no tomorrow and fuck and cum like they are in a porno and make memories that not even one memory book is enough. Every day I wake up doing nothing. Either wasting my time playing videogames or watching the social media status scrolling up and up and up when in reality, i am doing absolutely nothing. Nothing is being absorbed in that stupid brain of mine, wherever the hell it is when I should be doing something more productive like studying or reading but either my own brain rotted to the size of a pea *(because of how mental disorders degenerate brain cells ... yay me, I am doing something at all)* or it just felt and flew up to Mars, or it is sitting its dark throne, rubbing its pitchfork, planning its next move on how to fuck me, both literally and figuratively.",mild,190
"Most of 2017, I stayed at around 135 and have been really good about hiding my fat with very flattering clothes but over the last 3 months, I have gained 15lbs as a result of traveling for work, moving to a new city and the holidays. I have always been very unhappy with the way I look and I envy girls who are slim. I obsess about this in my head 24/7 and even though I try to stay positive, the truth about how I REALLY feel comes out almost every time I go out drinking with friends and I become extremely negative and sometimes cry alone. My bf has told me that he is unhappy with my weight and he also hates seeing me unhappy. A summary of my bf: he is a complete workaholic, he loves me to death, he tells me how beautiful I am every day, he has dumped me 3 times because of my weight, he thinks I am an excuse maker and he does not know if he will commit to me.",moderate,178
"When I was 16 I met a guy on vacation 11 years my senior... Having never been able to get along with those in my age group, I thought nothing of somebody older spending time with me, as I had grown up always spending my time around the adults during the holidays or my older brother's friends... Looking back now, I know this was naive and innocent on my part, nothing that anyone could or should blame a young kid for, as I really thought I was an outcast amongst my peers. And while it may have been true, there is no reason or excuse for a 27 year old man to want to be with a 16 year old girl except that he couldn't find a woman his age who would fall for his games and lies... He played nice for my vacation-- respecting my boundaries and acting only as a friend. He showed me the island and was nothing but kind and hospitable to my family...",minimum,168
"so i finally got tired of being anxious and depressed, crying daily, not leaving the house a few months ago and decided it was time to see a doctor again. I would only leave to work, and couldnt hold a job very long due to the anxiety(eventually stop going after successfully alienating myself from everyone) and went to see a psychiatrist. He started me on 40mg of fluoxetine and 50mg atenolol a day with 1mg lorazepam 3x daily as needed. I averaged about 2 of the lorazepam a day, some days 3 some days 1 or even 0, and 1 time i took 4(christmas with the family, not all at once but over the course of the evening) I went back after about 2 and a half months and he increased my atenolol to 100mg and switched me to .5mg alprazolam 1x a day(from the past i knew this wouldnt be an effective dose but he wouldnt listen) For the 2 and a half months i felt like i was leading a normal life, doing well in school, seeing friends again, working, going on dates(have a girlfriend who understands my anxiety and we met when i was drinking to deal with it so this is the worst shes ever seen me and wants me to find a new doctor) interacting with my family and not hiding in my room all day. With the switch to xanax ive gone back to my old ways of hiding away, crying, not eating, and have almsot purchased cigarettes again(quit smoking about 10 months ago).",mild,260
"So a bit of long back story here, I was adopted as a child not a proper legal adoption, there was a residency order for me to live with my aunt and uncle for an underdetermined amount of time, after a year my aunt and uncle split and my uncle kept me (my aunt was the one I was actually related to) social services never really got involved past this point. My uncle/ adoptive father started dating a woman that I would come to know as my mum (I always knew they weren’t biological) They had a very destructive relationship and my adoptive father was incredibly abusive towards her (like attempted stabbing & trying to set her on fire in front of me) he was never abusive towards me in fact he treated me like I was untouchable which fostered resentment between me and my “mum” They eventually spilt when I was 18 (9 years ago) and I’ve not spoken to my dad since,my mum works in a hospital and just informed me that he was admitted to the ward she works on and potentially has lung cancer. My mum is practically gleeful about it being cosmic karma for him being a horrible person but I’m uncomfortable with how happy she is that he’s ill, I’ve not really spoken to her about it because she’s the one that suffered not me so I can’t really tell her how to deal but it just seems a bit much to me to be happy.",minimum,252
"They're all things I enjoy doing and don't see as being that big of a deal, but she seems to perceive them as grand gestures. She regularly says that she ""doesn't deserve"" someone as ""perfect"" as me (which yes, she does, she's amazing, and also I'm not even that great, just moderately thoughtful) and has also said that ""because of past experiences, I have trouble liking people who I know like me... I guess it's more rewarding to feel like I've ""earned"" the validation."" In short, it seems like because of her past relationships, she kind of has an unhealthy mentality around 'earning' affection, and definitely has some sort of commitment issues (apparently her last ex said that he didn't really love her for the last year of their relationship, but was too afraid of hurting her to break up with her). All of this makes me ambivalent about broaching the topic of a committed relationship with her because I don't know how she'll react, but at this point we've both admitted we're falling for each other.",minimum,177
"I have had mobility issues since I was twenty three following a difficult pregnancy that triggered inflammatory arthritis and fibromyalgia/chronic fatigue syndrome. Over the years I've had a few falls due to being very unsteady on my feet at the best of times, which have added to my mobility issues. My right ankle and calf are permanently injured, I have achilles tendonitis, plantar faciitis and the muscle in my calf has tightened so much due to the shortening of my tendons that my foot points instead of sitting normally. I have osteoarthritis in my right hip, which slips in the socket and causes a lot of pain, and this has all had an ongoing impact on the rest of my body as my back often spasms or locks and I have issues with a frozen shoulder that limits the use of my right arm. On top of all of this, I have kidney, liver and bladder problems.",minimum,157
"Hello my name is jake I am 17 years old and I need some help I'll give you a bit of back story Ever since I was 5 my mother was always drunk everdently she was an alcoholic and whenever she was drunk she got very agressive and to cut a long story short she abused me for over 8 years not only physically but mentally too and when I was 15 I finally spoke out and went to turn to the authorities but they didn't help they sent me back to my mum countless times and in then end I put myself into care I refused to go back I have been in care for a year and a couple months now but ever since just before chirstmas I've been having these night terrors ( which I have reason to believe that it is ptsd ) I have viscous flash backs of my mother doing all them things too me and I wake up screaming , sweating , and as a instinct ready to fight and it lasts for a good 15 mins which is horrible What I'm trying to get at is , is there any coping mechanisms that you can suggest because I feel useless and helpless at this point",mild,213
"I knew that he was scary when he would pray in front of me, yet the entire thing was an angry ATTACK on God (not trying to get into beliefs here, just what happened.) I knew he knew how wrong he was when he told me one day to not tell anyone but that he actually HAD threatened suicide in front of his ex wife with a knife, yet still painted her as the evil doer in the story. I knew he was lying when he made sure to tell me about how crazy one of his exes went at the end accusing him of rape (why would he even bring it up!!) and how after he took another ex home from injury while we were together, that she might try to lie to me and say that something happened, but NOTHING did! It gave me chills when this man would tell me if his ex wasn't his child's mother he would have had her murdered long ago, and that he had friends offer to help!",mild,176
"It’s like hes expecting my tummy is spilling over my jeans like a muffin(it’s not) I’m still a size small instead of an Xsmall like I used to be when 14 but that’s pretty fucking normal I reckon.its like god help me if I’m a medium right? Today I lashed out at him by saying omg dad it’s cuz I’m wearing these pants today ( the pants which are wide, loos high waisted and make ass look bigger), instead of skinny jeans so I obv gained like 10 pounds or tonnes of kilos or whatever overnight. Later on he said “it’s so easy to make you mad you shouldn’t react that way just cus you don’t think you’re fat” this made me think that he is doing this to get a rise out of me which isn’t cool for 55 yo dad or you know an adult. Or another reason is probably cuz he is getting older and living a sedentary lifestyle, it’s the holiday season and he put on weight he’s not doing anything about it and he’s taking it out on me, he’s a bit chubby but not like overly flabby it’s just most shirts don’t fit anymore. Anyway this part isn’t relevant to my relationship but I’d like to share anyway.",minimum,214
"I have a very hard time with trying to find a job, from most places I don't get any feedbacks, but get immediate rejection when I try to apply to other open positions at the same company. Interestingly there's a lot of propaganda around how there's a shortage on manpower, while at the same time people having difficulty finding jobs. There are notable instances of similar experiences, political opponents' family members getting fired for no reason, etc. My father did a big disservice to the local Fidesz by being a key figure against the prison project (which was going to be built by a company very well known for overpriced projects), my grandfather is a well known tankie (who's so racist he's often accidentally agrees with both Fidesz and Jobbik), not to mention I had a lot of bullies in secondary school who thought I was severely mentally disabled (long story short: I had some speech issues I've since overcome for the most part, but thanks to the Hungarian R-word I got some serious shit, such as being accused with my mother taking up huge benefit money which she spends on shoes and jewelry, which leads them having to pay a lot of taxes on their motorcycles, game consoles, phones, etc) and probably wanted to take their revenge this way (which is ironic, because the hard time I had financially radicalized me from an actual centrist to a radical leftist). My father is seriously thinking on kicking me out to the streets if I won't pay, which makes me to go back to my mother, and my abusive stepfather who cannot accept my autistic quirks, implying if I can go back to them and my stepfather will let it all go through.",mild,292
"I've been skipping my classes and haven't gone out with any of my friends because I'm afraid I'm going to get sick when I go out. I'm supposed to go visit my boyfriend at his school tomorrow (I'm on spring break and he's not) and I'm already worrying about if I'm going to get sick and if I even want to go incase I start to feel nauseous and get a bad stomach ache while I'm there.... I'm wondering if anyone else deals with a lot of nausea from their anxiety and what they do to cope with it? I'm terrified of throwing up and so this is like the worst symptom I could ever have.... plus I always have this weird feeling in my chest/throat like something is coming up or is stuck and am belching a lot, like tiny burps. I feel like I'm crumbling and am starting to really slow down... My anxiety/depression has never gotten this bad before and I've just been a sad shell in my bed, can't even find the energy to turn on my TV and pay attention to anything.",moderate,187
"She still invites me to things and hasn't started dating anyone else (or even talked about it), but frankly, I'm starting to feel kind of pathetic asking her to hang out after she turned me down for the date. I do like her as a friend, but have started thinking of her as more than that and it's hard for me to ignore that when we spend time together. It's even starting to affect my self-esteem a bit, because usually if someone turns me down (no matter how reasonable the excuse) I just move on to someone else and spend less time with them, but it's a bit harder when that person is already your friend. My questions are: should I just give up on the potential of a romantic future with this person, or is it possible she's still feeling things out (like she says)? And regardless of this, should I start spending less time with her/stop inviting her to things (even if just for my own sake)?",severe,169
I spent the next few years being extremely reckless and impulsive. My home life was never easy I had an odd relationship with most of my relatives except my mom who was probably the only reason why I am even stable to this day. My brother was always seen as the golden child and me as the problem child so I was constantly shamed by extended family for being so impulsive and reckless which we all know is common signs of PTSD in adolescents. I think my mom was ashamed of my initial assault and though I was able to get help I was never allowed to tell anyone about it and a lot of my extended family I didn't even tell until the last couple of years so this has left a strange dynamic for me of not knowing how I feel about telling people my story but also desperately wanting to share it. In 2011 I finally met my husband who is the only reason I'm even doing as successful as I am today.,minimum,176
"I've been seeing the same one since then, and she'd helped me process so much, help me recognize and start to move past a lot of things... I went from hating and fearing my father (since the incident with my sister, which had ended up triggering the memory of being told that I was to blame for the marital issues, among other things) to the point I couldn't even be around him at family or friend gatherings without feeling anxious and wanting to flee, to being able to accept the things that happened in the past, and remind myself that they are in the past, and be able to interact with him again, even if I don't really feel any familial love for him anymore. I care about him, his wellbeing, but... That familial bond isn't there, he killed it the he came to retrieve his stuff, a couple days after walking out... The only time I ever stood up to him. He made some snide remark about my mother, and I told him to go ahead and run from his problems like he always does, and he backed me into a corner and shook me, screamed over me when I collapsed, until my mother came home and made him leave.",minimum,211
"I was a little confused at what they meant so her husband decided to meet me and talk to me about what was going on. The way that he put it, he was saying that my husband wouldn't get physical from what he could tell, but there are boundaries that he passed. Unfortunately, he couldn't provide any examples because he couldn't remember what was said, but he could remember the feeling that he had, and it was disgust. This was during the holiday season when their company had an influx of new people and they would be gone within a few weeks because the work they do is very physical and not a lot of people can handle it. My friends husband told me and quote, ""There's friendship, there's flirting, which he did but its innocent because everyone flirts, but then there's certain boundaries that you don't say to someone else while being in a commited relationship or marriage with someone else and he was doing that.""",minimum,167
"I described my symptoms to friends and they would say its normal, or that they have thoughts of their own and that it's all in my head. But I knew this wasn't normal, I'm an optimistic person and I'm not afraid of people, I actually like socializing and meeting people, but my anxiety gets in the way and my fear of judgment.. but even I knew that I wasn't nervous, but my body was reacting in a way... idk how to describe it. I just wished that I could go for drinks with my girls and when guys came over, I wouldnt over analyze and get nervous... and start twitching because of all the rush of blood to my face... I dealt with this for years, and was going to just live like this... but then I went to a bar to meet up with my girlfriends but arrived late. Once in the bar I saw a group of guys sitting with them.",moderate,163
<url> Resume: <url> Thank you! !,minimum,6
"I don’t have anything to ask atm or anything that anyone else need to know, but i cant go to someone when I’m not coping or in a state, I feel like it’s something I have to ride out on my own, that I can’t tell anyone about. I hate going throw this on my own, not that my family don’t try to support me, I just don’t want to see mum cry again because I’m broken and she’s tryed every thing she can but nothing helps. Iv had more 5 therapist and seen at least that again in one off meeting, but I can’t engage and have developed a vague phobia towards them, I used to hide in the house when I knew I had an appointment and only come out if I was promised I didn’t have to go. So It’s been largely untreated, not throw lack of trying. I can’t see my condition changing.",mild,157
"Sorry in advance, just need to get shit off my chest.. This has been a spectacularly shitty year to be homeless, trying to recover from health issues that have me terrified (and cut off from health insurance), facing criminal tresspass charges that turned out to be false, but took 8 months to prove my innocence, dealing with incompetent social services that JUST DON'T GIVE A SHIT, to finally getting into what I thought would be a place safe against the weather, but turned out to be basically living in a refrigerator, and now I'm back on the streets with moldy fucking gear and all options here exhausted. I'm fucking sick, in pain, and nowhere to sleep but in a doorway in a town that hates (and I really mean hates) the homeless, and all I can think of to do is hang on til I can GTFO, without getting the shit beat out of me. Anyway, thanks for listening, and for what it's worth, please everyone have a safe holiday.",mild,170
"It was the same therapist I'd been seeing since I was little, when I was first diagnosed as ASD (at the time termed PDD-NOS, as I didn't *quite* fit the diagnostic requirements for Aspergers), and she, had honestly stopped being helpful. Just kept telling me to do the same things over and over, when I told her these solutions either didn't work, or in some cases (going out for a walk for the sake of it, rather than with an intended destination/goal, for instance) made things worse. Because if my mind's left to wander, without something to focus on, something to distract myself, it starts tearing itself apart, ripping open old wounds and rubbing salt in them; reminding me of all the shit I've screwed up in the past, ways I've failed or fallen short, and I end up worse off than when I started. So, I eventually stopped going. And then, eventually stopped taking my meds, mostly because of not having the money to afford them when my father walked out, and the house practically started falling down around our ears over a course of a couple years; the heating just before winter because we couldn't afford oil, then losing water due to burst pipes, then the gas and finally electricity due to nonpayment.",mild,215
"I gathered my composure, went back and sulked until I was asked if I could put something in my eye sight to block it out. I got a little excited, found a huge box and was able to move on with my day.. until about 3 when the owner came over, moved it, and then asked me if I was keeping it for anything. I mentioned I was blocking the signs, she asked why and I said, well, I feel they are kind of negative... And then she told me ""They aren't negative, they are funny, and since you don't think so you should think on if you even want to work here"", walks away and proceeds to tell my boss it isn't working out with me........ all because I expressed that I felt the signs were negative. Stupid me for thinking dozens and dozens of instant in your face surprise red circles could ever equate to negativity. I guess I have a new trigger.",minimum,165
I could easily see myself losing my job due to consolidation. In the meantime I have been wanting to leave this job anyway because I realized that I'm truly ready to move on from retail. I've had some promising leads but I found and a piece for a job that is at a lighting company that would combine the best of what I went to school for and my real world work experience. I got a call a few days ago but couldn't get an interview scheduled because during the call the hr lady got an email that the person I would interview with would be unavailable and I didn't have my work schedule right in front me so we decided to talk again the next day once we both had an idea of what the schedules for each side would be. Well the next day I called her and she still hadnt heard back from the person I would interview with and promised to call me the next day.,minimum,170
"When I have a thought and that thought makes me feel good, it is because that thought is true, that thought is in alignment with my true nature, according to my higher self\infinite intelligence that thought is correct, it is the right way for me “define” myself and to go in life. When someone says to you “You are beautiful”, “I love you”, “I enjoy being around you”, … That makes you feel good, because those thoughts are TRUE, those thoughts are showing you who you are, you are loved, you are beautiful, you are and incredible person to be around with. (In my case, I feel in heaven when someone says to me “You make me feel amazing” 🙂 ) The same goes with your on thoughts and perspectives (that’s what you attract every time btw), when you define yourself/think of yourself in a way that makes you feel good, like “I feel worthy”, “I love myself”, “I love being me”, “I truly like my new shirt”, “I’m having so much fun”, “I’m at peace and relaxed”, you are going in the right way, the right direction, forward and aligned with your dreams and passions. From feeling fine to feeling ecstasy and Infinite Love, it is true for you, those thoughts and perspectives are the ones that will serve you in amazing ways and that will bring you the tremendous benefits for you and for your life, keep choosing them, believe in them, bathe yourself in them.",minimum,248
"She approached me and started to say something but I interrupted saying, “If this is about my phone, I am under no obligation to share with you anything that is spoken between me and a therapist, and I do not care that this is during work, I have an emergency number to call at any time when I feel like I have to, and I felt like this was important as I don’t want to go back to the psych ward.” She stopped and just said “oh, ok sorry.” I understand that this may be a negative on my performance at work, and I may not be entirely right, but I have cut myself at work (not during work but after shift and right outside at my car) and the way I was feeling I needed emergency counseling. I have tried to have a conversation with her before about how I was feeling, but it didn’t go so well since she felt like I was being rude, so while I am open to trying again, I want to know how I should go about it again and/or should I get the manager involved? Thank you for reading and I appreciate any and all responses.",minimum,204
"I can't afford a treadmill and I'm not a big fan of gyms (plus there's none really nearby), so I'm trying to use really the one option available: going outside. This is a real problem for me and my anxiety. I feel like a gasping hippopotamus when I try running and am too embarrassed to let anyone see me like that, so every time I see a car or person, I stop running and immediately go back home. I try going outside late at night and early in the morning so I can run, but there are like always people around and it drives me insane. I don't know how to maintain the motivation to be active while dealing with my anxiety that keeps convincing me that everyone is judging me and may yell insults at me or the other side of things: may kidnap, attack or murder me (since I go out when it's pitch black outside to reduce the ability to see me).",minimum,165
"Three of them said ""so sorry I actually can't"" and gave some noncommittal excuse, whether that was work or school related (even though school only started up again about a week ago and midterms are far away). I was disappointed but figured that it happens and I can still have fun with the three other people that are coming. Only to wake up the next day and have the other three friends text me that they couldn't come either for varying reasons and they were ""so sorry"". I was so upset the entire day. I had told my mom about it and she had told me that what I didn't realize was that none of them were really my close friends, since people that are actually friends don't flake out like that, plus none of them have ever come over to my place or vice versa or done anything more than hang out every now and then.",mild,157
"I can't be having PTSD from something as mild as what happened even though I have pretty much all the symptoms. I feel I'm just lying to myself. I probably just want attention. I feel like a huge fraud... How am I even supposed to ""heal"" when I'm probably making everything up, I'm probably not broken, I'm just going to get yelled at again at the new therapy place like my last one because I'll be mute every session (don't even know why, I tell myself ""because I'm not ready to talk about it"" but it's been over 5 years since the last case and all this crap is minor, so it's probably just being ashamed over doing all this crap for god-knows-why when barely anything happened to me...), because ""I'm not trying"". I don't even know why I'm posting this, probably just begging for more attention, I've pushed the last true friend I had away a few days ago over my fears of therapy.",minimum,165
"Rambling about that is over. I would like to save up while doing this over the next couple of months, get my finances back in order, and pay monthly on a land owner finance piece of raw land without covenant restrictions at around $200 a month (that is a possibility in my area, at about 2 acres) and get a tiny building on it or build an earthbag home - somewhere along those lines. The only real concern I have is electricity to do the editing work, but I figure if I do the work I need to do, head to a McDonalds/park/etc to recharge, then I can do alright. I'll be able to store the DJ gear for when its not being used for free. I have a battery charger/car jumper combo I'm keeping in my car I can use for small electronics, and I'm pretty sure I'll have friends who I can see for a couple hours to charge that once a week, and see friends I haven't in years (which obviously is the best part!)",minimum,178
"Weird title I know but I really couldn’t find any other way to describe what I’m feeling and I really struggled to think if I should post this on here or another group So for as long as I can remember I’ve always been attracted to women and only women I had absolutely no interest in men at all A few years back I had my first relationship which was really manipulative and physically abusive and I haven’t been on any dates since then Recently though (like in the last two weeks) it’s accused to me that bar an old crush from before my ex “kinda-sorta” coming back I haven’t found any women attractive at all in a while at least a year and whenever I see someone I would have normally found attractive I just get a nervous/uncomfortable feeling I can’t really describe I’m not sure if this is a response to how my ex used to get abusive if she thought I was attracted to her (like she’d insist I must want to rape her if I called her beautiful for example) and I know for a long time afterwards I felt disgusted with myself if I found someone attractive so this may just be the next step in that, like my mind doesn’t want me to feel bad for finding someone attractive so it stops finding people attractive",severe,231
"It does not help that my mom leans on me and only me emotionally, when it comes to my father who I don't have a relationship with and all their financial issues etc...I am dealing with a lot personally, and then on the outside there family stuff on top of me too, and I feel trapped honestly. I went to see a counselor in college and he thought if I got more of a routine going I would be fine, he also was extremely judgemental and scolded me for not coming into college regularly, he didn't believe me things I told him, so I left. I did go to a counselor about 12 times after the abusive relationship ended, I still felt vulnerable and scared leaving it that place and told her I don't feel ready to stop this. She said there was nothing more she could do. Now I am at the point where I feel like there is nothing nobody can do for me, I feel emotionally trapped and I don't know what to do, or where to go anymore.",minimum,182
"I know the best thing for me is to find a new job, but I've been applying for quite awhile now with no luck and I really don't want to move to another job that I don't enjoy and will make me feel the exact same way. I sort of think I have an idea of what I want to do, but I have no idea how to make it happen while still paying my bills so I've been applying to anything that seems like it might be relevant to me, but I'm not sure the right way to go about getting into a field I don't have a degree in. Because of this I feel trapped in my job right now and it gets so bad some days where I feel like just walking out and quitting or just not going in ever again. I'm rambling at this point, does anyone else deal with a job that makes them completely miserable? How do you deal with it?",minimum,168
"I have been living in <location> at a homeless shelter run by the Salvation Army since the beginning of February (I know it hasn't been that long but still), and I started a new job a month or so later around the beginning of March. I don't know if my boss did a google search of the address I have on record or maybe drove past it one day, but I overheard him talking to another one of the staff about how 'the homeless population here in Toronto is getting pretty bad, and how there might be a lot once the weather improves because of the people trying to leave the USA because of Trump' And since I heard this conversation, I went from having 3 shifts of 4 hours per week (12 hours per week), down to this week I have 1 shift that's only 3 hours, and he's blaming how our sales are really slow, which they are down by an average of 4% compared to last year according to the reports that are printed automatically each day. It also doesn't help that since I started a month ago, we had 11 employees and as of this morning we now have 16. Tell me why the hell if business is so slow, why did we increase the number of staff by almost 50%?",minimum,225
"My husband (29m) and I (26f) live across the country from our parents and have been there almost two years now. I don't really have a relationship with my inlaws (mf 65ish) (ie they never reach out to me expect for once to ask what to get my husband for his birthday and rarely talk to my husband, they don't ask about me or don't seem interest when I'm brought up) and it doesn't bug me because they are incredibly negative and angry people. My fil has anger issues and will have a meltdown in public (he's done it several times in front of me) and my mil is self absorbed among several other issues. I don't want to get into every story, and man do I have some stories, but i guess it's important to know that I've been warned about their general attitude and behavior from others and everyone who has met them that I'm friends or family with has agreed with me that their son is the source of their happiness and they feed off of each others negativity. However, they've never been out rightly malicious towards me.",minimum,191
"His price is even higher than what I was told and he said that's after a discount. I'm a college student and apart from tuition I have food and other things to fund and I thought that by paying this much I'd at least get my money's worth in therapy, but other than telling him about my anxiety and family, and having him tell me I probably have OCD and Anxiety disorder, all I seem to hear is the rates of the therapies and how it would take over a year of dynamic therapy, preferably 2 times a week, at 80$ a session, and that I should be able to commit if I want to continue. The second session he continued with this spending nearly 30 minutes saying I have 3 options, seeing a psychiatrist and taking pills, going to CBT to treat 'only the symptoms' or seeing a dynamic therapist like him for sessions which would take a year at least to see results. What's more, the second the clock ticks 50 minutes he says have a nice day and sort of kicks me out. So I'm supposed to believe this person talking about money on time I pay him money to talk to me about my greatest fears is gonna help me?",minimum,214
"Due to daughters older sibling and mother being the type that craves and feeds on enormous emotional attention, I am realizing how she's ended up making herself smaller and downplaying her own problems to not ""add to the burden"". AFAIK there has been no physical abuse, but there has been geographical and emotional abandonment from mother and brother, and probably a feeling of emotional abandonment from myself. She's smart and ambitious, but unfortunately totally lacking in self-confidence and has a habit of choosing away people and situations. I realize that through a life of undiagnosed ADD I've adopted a myriad of ""bad habits"" I will need to address for both mine and our sakes, as well as a ton of structure etc that need to be put in place. In that frame it would be very helpful to start at an end that benefits both of us, or at the very least doesn't exacerbate her PTSD.",minimum,156
"He's not seeing a therapist or psych regularly, which we agreed that he needed to be doing if he was going off his meds. I'm just at this weird point with myself where I'm holding back this resentment and anger at him for not taking care of himself, even after I've explained to him how much it stresses me out and hurts me when he is not consistent with his self care and/or medication. Though things are as normal as they can be right now, I find myself getting angry when he asks me to promise to do specific things for him, like do my laundry (I'm a bit of a mess), because it just reminds me of how he wouldn't keep that promise yet he expects me to do things for him (even though they are rational requests I should take care of anyway). Well it still ended up being long, my apologies! What should I even do from here?",minimum,161
"Hourly employees start arriving at 4am and then myself and the other managers will delegate the days plan to the employees. We are typically very understaffed to be able to work in new items, recover the floor and excute the GM’s planned item moves for the day, so after we delegate the managers become stockers and work alongside the hourly employees to get done. I don’t mind physical labor and hard work, it’s actually my favorite part of my job, but it’s hard to run an operation as large as restocking and remerchandising a 200,000 sq ft facility while you are stuck stocking. The store opens at 9:30 am at which point I will try to start my administrative tasks, but just like in the morning the building is usually understaffed so it’s more common than not for me to be either cashiering for several hours, or helping out in the deli and/or bakery. Some days I’m lucky enough to get a lot of time in the office to complete my daily tasks, but most days I do not.",minimum,179
"Though we both had crushes on each other we weren't sure if the feelings were reciprocated. She also has some self esteem issues and told me that she wasn't ready to date someone like me three years ago when we first met, because I was ""too intimidating"", but instead ""settled"" for her ex. She dated that ex for two years, but never seemed that interested in him. She would complain about feeling like a caregiver for him (he was seriously depressed to the point where she had to make doctor appointments for him) and always talked about wanting to be with someone who was more independent and had their life together. As her friend I remember her saying she felt like he was good for her at the moment, but that she knew it wouldn't last forever (side note: she was open about her feelings with him, and he agreed to just enjoy things in the moment, though I'm sure he was secretly hopeful she would change her mind).",minimum,169
"Earlier that day I was talking to a customer, a male who later asked for my number. I was very flattered as this man was absolutely gorgeous and had muscles that must have been sculpted by Kratos himself, but alas, I wasn’t able to give it as it was company policy. Little did I know that Pedo had been watching me from behind a clothing rack, and soon pulled me aside in front of all my coworkers in my retail section and spoke so sternly to me, he said “this is why your life is so messed up, this is why everyone here thinks you’re so easy.” And he stormed away from me. He later radioed to me telling me to sell the cards, and after I got to 15 cards to re fold everything in the women’s section. He later texted me telling me he expected me to be at the movies that night, as to not let down the team.",minimum,162
"(NSFW) I have really bad PTSD induced anxiety due to rape situations and being a victim to dozens of emotionally abusive relationships, and I am engaged to a HVAC service technician. One day he was going to do a check up on a furnace, he called before hand and he even gave notice the day before, and I was at school at the time so I didn't see the message till a little later. He walked into the house because the door was unlocked (because some people leave their door unlocked if they're downstairs or something) and he walked into the kitchen and it was a crack house, immediately he had a gun pointed at him and he froze for a second and ran back to his van, the guy shot half a dozen times and hit the rear view mirror, he almost got shot so many times while running to the van, and when I saw this I was hysterically sobbing in the middle of the school hall and when I got home I got to my mom and kept screaming ""he almost died he almost died"" and my mom thought I said he died because I could barely breathe, he seems to be over it now but every time he is a little late coming home from work or hasn't replied in awhile I get so scared hes dead and late at night I can't sleep because I'm scared this is the last day I'll have with him. I don't know what to do.",mild,256
"Last week I posted about having to travel to Melbourne with my Sister who is a really nasty person, well it ended up being exactly what I feared, she was just plain nasty to me the entire 3 days. From the moment we arrived at out rented apartment, she would just do nothing but complain about me, saying that I'm so ""over dramatic"" and that ""I'm just anxious for attention"".......I mean really? I never wanted to be like this, and she has the way of making me feel like I'm a bad and worthless person. Now I will admit she has issues of her own, she has been pregnant so I can excuse her for that, but she has been like this for a few years now, I remember how I was anxious about my elbow swelling up and she said it was ""nothing"" and it turned out to be cellulitis. Ever since I came back from Melbourne, I've just been overthinking things, and when I do, it flares the anxiety right up.",severe,173
"Back to my dad, during lunch he wanted to say some words to my GF, to encourage her to keep studying the doctorate, he said that if she felt that money was an issue, that don't let her that take her down, that doctorates in our country earn very poorly but that getting that degree would open doors to work abroad and land a job she would love. You see, my dad didn't know (well, I've told him plenty of times, but I figured he forgot at the time) that my GF's mom was a doctorate. My GF's mom openly told in front of my that she didn't earn enough for the years of study and work she did, everybody in our country knows that doctorates don't earn enough money for the effort, capacity and dedication they're required to do/have. But when my dad said those words, nobody said anything. I didn't take it as offensive.",minimum,156
"She wants to do anything she can do to help me, but it's up to the state, not her, to charge me. I have, and documented once I got out of jail, a puncture bite on my right hand, a puncture bite on my left inner elbow, deep scratches all over my left arm, The skin on my scrotum was torn (the jail underwear they gave me was soaked at the end of the day) my lip busted open, a chipped tooth, my whole right side of my face red and sore from a dozen punches, and a welt on my left leg from her kicking me. Now I'm being charged with 4th degree DV and need legal counsel to prove my innocence. I have no money to hire anyone and am still in shock that I just had to spend 17 hours in jail without given any medical aid in a small cell with 7 other inmates. I have no criminal record whatsoever until now.",minimum,166
my gf dumped me and was honest .. you are the sweetest guy and made me feel like angel but sorry i can’t handle you scar and it embarrasses me in public and her friends made fun of her for being in a relationship with a scarface . i always hate my life because of this scar ... im tired and always stay at home to avoide people there just no solution for it and i don’t blame my ex she was crying when she told me the truth ... the real problem is people judment im a very nice person and people just think im a bad guys who got this scar from a fight TlDR ; Got dumped because of a scar on my face and i don’t think there would be any girl who loves me and accept me .. is there any girl on earth would accept to be in a relation ship with someone who looks like a criminal? ..i don’t know why im writing this post just want to let it out .. Thank you,severe,181
"(Mind you we are all here from DSS/Social Services and in this homeless motel shelter) So now it is about 10:00pm and once again he knocks on their door and tells them to turn it down and to be quiet. Nope...that's just not going to happen, as soon as he was out of earshot the cRap music and loud partying resumed. So I sit in my room perplexed as what to do about this,(wanting to get some much needed sleep) as it seems asking them to turn the music down and to quiet down was not going to happen. (obviously they're above the rules and law and don't give a shit about others in the motel) So I sat there thinking and I decided to call the owner/manager one last time and tell him PLEASE get these people to be quiet and turn the music down and to quit being so damn loud. He tells me ""I have told them 2 times to turn the music down and be quiet and they won't listen to me, why don't you call the police yourself"" I was floored by him saying this to me and told him it was NOT my job to enforce the rules, it was his.",minimum,207
"I'm not the kind of guy who likes to ask for help with things like this, especially when it feels like there are so many people with worse problems, but after three years of trying to save up on a disabled person's income with nothing but failure (as soon as I have a little saved, something else comes up), and at the encouragement of my online acquaintances, I have decided to try setting up a gofundme account in order to get dentures: <url> I feel like I have tried every government assistance program and charity in the US, but as a 35 year old male, there is no help for me. I'm not young enough for assistance, I'm not old enough for assistance, and I am not a female with kids, so there is just no help available. As proof here is the thread I made three years ago. I wasn't asking for anything then, just showing off the teeth I had pulled: <url>",minimum,164
"I am living with my mom right now and we cannot afford to find a new place but in a few weeks we will not be allowed to stay here anymore. My mom will be fine she is going to live with my dad but for reasons that are irrelevant I refuse to live with him it's not even a conversation I just will not. No matter what anyone says I will not live there and that is the end of that discussion, with all due respect. I have no friends to stay with and no job so I guess the only thing I can think of is to somehow work out some kind of arrangement to get a job ASAP(we live really far from town and I have no car or driver's license) save up as much money as I can then quit that job and find one of those sketchy cheap hotels in the city for $60 a night and then find another job nearby but the problem is because of my age I don't know if I'll be able to rent at all I just have no clue what to do someone please help me:(",minimum,198
"I was severely neglected as a child by my mother, but this isn't about the neglect (although it may make an appearance at some point), I think my twin and I were sexually abused by her first boyfriend (the man she had an affair with). I have a distinct memory of lying in my bed at night and there being a male figure crawling up towards me, this is more of a still frame though. The others however I remember vividly to a point, one was a very inappropriate tickling game where my sister was under her duvet and he was on top of her tickling, except he was also humping, I can't remember much more than that, the other is walking to his house, I remember the exact route, going in and him showing me his house, I can't remember anything once he showed me his bedroom, other than the bedding was white, I don't remember leaving or what happened in between, but I remember things like he had an Eiffel Tower figure he made in his front room. I started masturbating at a young age and I wonder if this is linked in. I've been suffering a lot recently, and I am on medication and undergoing therapy, but these bouts are cyclic, I always end up back in this position after a while, perhaps not as severe as the one I'm in now, but I feel that it's in part due to having such little recollection of my childhood (can't remember much of it or my teen years), I want to be able to have a definitive answer to whether I was sexually abused so I can put it to rest, the not knowing is really hurting and the flashbacks I have are intrusive and upsetting, I don't know how to confront this situation and get over it.",moderate,310
"My father was diagnosed with Stage 4 prostate cancer, and while it's well-controlled, the side effects of his hormonal and chemo treatments have left him far more emotional (but, at least, unable to just sublimate his depression/anxiety into anger and vent it at any available target anymore), and the physical side effects have forced him into an early retirement, meaning 80% of the time he's home and sitting in the livingroom. He's no longer directing the same vitriol and venom at me that he used to, and neither does my sister, but... It's all the little things they do to invalidate my feelings, treating more like a live-in servant than a family member, and the occasional outbursts if they get angry/upset that trigger me badly... It's making me lose ground, lose progress, and I'm having more and more trouble coping with everyday life... And I'm afraid I'm going to just, break. Crumble under the weight of it all...",moderate,158
"I spoke with her after all was said and done and asked why. Reasons she gave me were that I didn't do enough housework and she felt underappreciated for the work she did, that my libido is considerably higher that hers and it made her feel inadequate so she went outside the marriage to feel more like she could satisfy a person's sex drive, and that I'm boring and the newness of everything was gone. Now I'm here picking up the pieces and trying to decide if I can learn to trust her again, if I'm willing to put in the work, and what I could have done to be a better husband to avoid this. I'm embarrassed and ashamed that I couldn't even hold a marriage together for 6 months. Currently she's sick because she also has untreated lupus and the stress of all of this has caused her immune system to weaken, her joints to swell, and her muscles to ache.",minimum,163
"She's okay if you say a rude joke back though so she can take it too. She pokes fun at my lifestyle (I count calories by weighing things in grams, get my eyebrows waxed, go to the gym 5 days a week and jogging 1 day no matter the weather). She is also way ahead in school, and will have a bachelor's at 19 from her university, while I am in my freshman year. She also has a job in her field this year, she makes like $17 an hour and I work at a grocery store barely getting through freshman year while she's killing her senior classes. During our conversation about weird way girls have hit on me I asked about her and she listed way more weird guys than I had weird girls and I know she's hot and I know currently she has multiple offers to go Netflix and chill or go out (I've seen her open snapchats from these boys like over her shoulder while we've been hanging out).",minimum,173
"Can anyone else suggest any other resources that would be available to her? Her message to me: $585 rent $180 electric $110 auto and rental insurance policies, $45 phone, $40 laundry, $200 gas, $60 preschool, $72 sitter, $27 medical insurance, $27 Kohl's card, $25 towards CHILD'S medical bill- since EX-FIANCE hasn't had her insured nor paid a dime in child support, and whatever $ for groceries and $ for bathroom items and household/cleaning supplies $20-$25 Zumba, $12-24 Pound Fit and you've gotta figure in $28 oil change every 3,000 miles (I drive 200-300 miles per week) , and CHILD needs new clothes size 5t and shoes size 11 (need to go have her fitted/measure them soon) and I really need some new dress clothes for work and clothes for outside work and new pajamas and shoes. Its just a lot with my income and no other income or assistance whatsoever. I'm flat broke and we need food and I need gas.",minimum,161
"I've also worked on expanding my resume to almost ridiculous standards for my age, doing anything and everything my parents would let me do, I became the president of a clubs and a member of 3 others, applied for and was accepted to a tuition-free program that lets me go to a college campus rather than my high school, have a 3.3 GPA and am working on raising it, and do occasional community service. The only thing that I need to do is get a job and save some money, but my parents have forbidden me from doing so. At the moment my prediction is to spend the year attending classes, applying for scholarships, and working during the day before couch hopping with a few friends for a month or 2 and spending the rest of the time staying in hostels when I can or sleeping on the streets when I can't before hopefully getting into college where I'll have a reliable bed. TL;DR: Working on boosting my resume, making friends that I can couch hop with for some time, and getting a paying job. Thanks for your time!",minimum,189
"on to friends, I recently moved into my first apartment with my college roommate, her boyfriend, and another girl. I just feel lie everyone else in the house is so much closer and its really nerve wracking living with people in the first place especially because I know the boyfriend is a bit more reserved and having trouble adjusting i think to living with three girls. my roommate from last year is trying to be supportive but i know my low energy along with her own problems is sucking the life out of her som im trying not to bother her. in the past month, i've broken up with a creepy guy, taken my friend to the ER, constantly felt ignored because technology sucks and i'm left on read if i even try, an ex has obsessively messaged me, and then the whole issues with the friends also in the leadership of clubs with me. im just a fucking mess.",minimum,160
"I know I only have around 18 comment karma due to lurking or upvoting/downvoting more than commenting but my total reddit karma is almost 1500 so I hope that says something. If you can just send even 1 or 2 dollars let me know and I can pm my paypal request link since that's the only way I know of getting anything without a big big charity site link. We really appreciate it and next paycheck I can even try and pay some people back if they need! None of us really have family to ask because of different reasons (SO's parents disowned her, Roommate's mom is distant and disapproving and an alcoholi, my mother is disabled and lives on disability with my 13 yo brother, my aunts etc are all stingy or distant). We also have no vehicle to get to any other food bank atm other than the one two roads away (hour or so walk) that has a 30+ day wait.",minimum,164
"He doesn’t know anything about that though. For some background, I recognize that I tend to overreact to normal things, I have panic attacks when people innocently flirt with me for example, and I’ve flown off the handle when too many men have even just looked at me in too short of a space of time. Anyway, so we were roommates in a super tiny apartment that didn’t even have a living room, just our two bedrooms divided by a kitchen. He was having some issues with his ex-girlfriend so he was venting to me for hours about it, and I was trying to give him as much advice as I could, because he’s my friend and I care about him. I told him this and he said he cares about me too, and then he started telling me that when he first met me, he was attracted to me but that I was too young so he felt weird.",moderate,160
"I won't go into too much detail but what stems off of that is thoughts of being and feeling worthless like I'm not good enough for anyone and that I'm undeserving of the good things given to me but then another thought stems off of that one which would be something along the lines of me thinking how stupid I was acting and then another thought after that and so on. Another little thing I'd like to add is that that I seriously struggle seeing my own self worth and how much I mean to my friends and family (who are all amazing by the way I love them all so much). Eventually on fairly rare occasions those thoughts tend to lead to depression, paranoia that people around me hate me and don't want anything to do with me, dissociation with reality and then finally the rock bottom of that would be thoughts of suicide (though I've never acted out on these thoughts or would ever want to) and the occasional anxiety attack where I feel nauseous, my heart beats really fast, my limbs feel like jelly, heavy breathing, I feel panicked and I just want to get out of the situation as quickly as possible. Other than that though I'm quite optimistic and I tend to be a genuinely upbeat and happy person! I'm seeing someone about these problems but I just thought I'd ask if anyone has any extra advice they could give if things start to get a bit out of control.",severe,255
"The real irony is that had my dad told the truth about the car, he would be home right now plotting his next scheme, but instead he lied and got caught because of his arrogance. The problem we face now, is that there is always the chance my dad might sign the documents and they let him out (he'll probably weasel money out of his youngest brother/my uncle to pay the bail), and then we have to contend with the possibility my dad has something else planned to get us, which he probably does because that's his gig and his only goal in life since his big revelation after the pace maker got put in. My dad cannot talk to Bart or Dandy because they are witnesses, and he can't have any communication with my mom either. Myself and my brothers are contemplating getting a restraining order of some kind, but given how my dad operates, I'm not sure that will actually protect us from any harm. I have an appointment with doctor Doorstall this thursday, probably won't get anywhere but I'm sure he is aware of my dad's situation by now, or will be soon.",minimum,196
It was all so quick and I try and recall now what happened and my brain jumbles up the details but he finally realized what he was doing to me and stopped. I am a small girl with a very thin build at 5'8 and 125 to 130 pounds maximum and he is a big guy at 6'5 and and 265 pounds and I had no chance of getting him to stop. He started immediately after hysterically crying because I started to hysterically cry and started to feel like I couldn't breath. He spent most of the night afterhysterically crying telling me he can't live with himself after this and how he would never put his hands on a woman but something in him just snapped but I don't know how to forgive him or let it go. I'm still so shocked by what happened I have managed to stop crying and calm down but I don't know how to move on from here.,minimum,164
"Physical abuse wise my dad had beat me several times, I never really understood that it was abuse until not that long ago, things like hitting my legs together what seemed like as hard as he could, hitting me on the face as hard as he could, threatening to choke me out, etc. it overall made me feel pretty disassociated, I just didn't really understand why though, my relationship with my parents became this extremely hollow thing that felt like an obligation rather than having genuine parents. as I got older from 10 on they became increasingly mentally abusive on top of it, at age 11 my dad found out that I'm trans by looking on my computer and screamed at me for an hour and threatened to hospitalize me (He didnt know mental hospitals wont hospitalize people for it, and might've ended up trying to put me into conversion therapy or something) this is around where my mental health completely snapped, going into 7th grade, hitting age 12, I started becoming extremely suicidal, I thought about hanging myself at school or stabbing myself, it became too much to bear, not being able to be openly trans, being beaten, feeling on edge non stop, feeling completely invalidated to the core of who I am as a person. I became morbidly depressed and stayed that way from then on.",severe,228
"This even negatively impacts me more because it causes me relationship anxiety, every time I have a freak out about travelling I start getting intrusive thoughts like ""what if I get there and realize I don't love him or I'm not attracted to him"" or when he sends me a text that makes me happy my anxiety creeps in saying that I'm secretly forcing any positive feelings I have for him. I know these are linked to my travel anxiety because they only pop up AFTER I've had a moment of freaking out thinking about the travel. Whenever we Skype, just talking to him feels like home, and talking about the upcoming trip feels just exciting, not nerve-wracking. This SUCKS, we're booking plane tickets next Wednesday and half of me is ecstatic but the anxious half of me is dreading it. I need to figure out how to calm all this anticipatory anxiety so I can just let myself enjoy my relationship, the excitement leading up to our trip, and even the trip itself (although I feel like once I'm there I'll be fine)!",moderate,184
"Three months of this and talking with the one friend whom I could call for free between 9pm and 6AM due to AT&T's GoPhone policies whenever I could get away with it, or texting on a Nokia Tracphone (the ancient indestructible brick phone), and my sister lashing out at me about being ungrateful that they allowed me to come over and use the internet, triggered by my snapping back due to, something, I can't remember, and I just, stopped asking. Ended up losing contact with everyone but the one friend I could talk to maybe, once or twice a week for a couple hours. She'd try to keep me apprised of stuff going on with folks, and those phonecalls ended up bring the spark that bloomed into us being a couple, but... It wasn't enough. The same negativity, the same feelings of selfhatred, of self-disgust, of ***believing*** everything my father had dumped on me slowly took over.",mild,157
"I am moving in with my BF and am fine with doing it 'early' because I love him and want to spend more time with him, I am moving back to my hometown where I have a large safety net, and we are choosing an apartment that he can afford on his own if he needs to. I know having a back up plan doesn't sound romantic, but both he and I have discussed all of the above, and both of us are long term planners who place 'back-up' plans in place in case anything goes awry. I have always been in relationships where I was still able to be an independent unit and avoid too much commitment because I was always scared to lose my independence. But this is the first relationship where I feel like we're a really good fit, and it doesn't feel like a sacrifice I don't want to make. I will still be doing a lot of things on my own, he is also an independent person, and both of us have lived on our own for years and know we can take care of ourselves.",minimum,191
"In the meantime this girl texted asking what time he'd be there, but he didn't reply. Following day when she asked why he didn't reply/show, instead of sharing that he was saw me, he made up a story how he got stuck driving someone to the airport then followed with ""I wanted to see you more than anything."" At this point I royally freaked out and he said the reason he made up the story about driving to the airport was because now that it looked like he committed to attending, it'd be easier to come up with some urgent non negotiable reason why he couldn't make it (rather than look like a jerk that ditched last minute for something else that popped up without giving any notice). Again understandable. I do buy the story because when the girl called, she told me nothing was going on beyond friendship and that they hadn't talked in forever, she said she herself was busy with a new relationship which why is they hadn't talked beyond simple texts here and there, which would explain why she didn't know he was dating me just until that moment.",minimum,193
"He forced me into sex again... And if I refused he became violent. Once I had mentioned to a friend how I hadn't wanted sex and hoped that jacking off would be good enough, and having overheard this my punishment was to be slammed into the wall and the table then thrown to the floor. When I pushed him back, telling him to quit, he kicked me down to the ground and heel kicked my back until I had a panic attack and collapsed unable to breathe... I spent most nights waiting for him to pass out, which he never did, and running through our small mini-winnie as he chased me with a knife... My dog would come out from under the table (she was a rescue who had been abused) and would trip him up, letting me escape, and he'd hold her hostage-- letting me spend most of the night in the cold, out in the boondocks where it was common for truckers to come through and cougars to attack farm animals and pets. If he felt sober enough, he would chase me down the road for a few hundred yards, and I would walk the three miles into town and wait in the park by the police station until I was sure he'd passed out...",moderate,217
"Her mother, who has been a full-time elementary school teacher for 28 years, is her primary caregiver, but when the mother is working as a teacher, this amazing lady needs a Licensed Vocational Nurse (LVN) to assist her with her ADLs and health needs so the mother can provide the family income. Her LVN attends to her physical and health needs everywhere that she goes during the day at home, in her college classes, out in the community, and her volunteering sites. She had good luck with LVNs, but her last LVN unfortunately no longer has worked with her since December. Since November, her family has posted the job opening six times online, asked all the local Vocational Nursing schools to post the job, and countless people posted the job opening on social media. No one applied for the enjoyable position, except for one, but she lasted for four hours and she decided that she didn't want the job after all.",minimum,161
"Back ground, me and my girl have been homeless independently for about a year and we've been together for six months now. We lived in Olympia Washington for a while and where trying to make it and eventually move out of the toxic town. I received about 3.5k$ worth of back pay EFC payments the state owed me and shortly after my girl's grandmother died and she wanted to make it to the funeral so we decided to make a road trip of it, get jobs in florida and be set. We figured the lower cost of living would offset the vastly lower minimum wage and we'd be fine. We both got jobs at her old workplace (Wendy's, never go to the Lakeland Highlands Wendy's so many healthcode violations btw) and worked for two months and got fired for bs reasons (I got trained wrong and wasn't told about 60% of my responsibilities by a guy who was on his phone 75% of the time and quit a week later, she overslept and no call no showed one day and got immediately taken off the schedule)",minimum,186
"Last summer I (F17) was officially diagnosed with PTSD, though I had been suffering from the condition for at least a decade. It's been a lot to process but I'm finally getting the psychiatric attention and emotional support I need to slowly repair myself. I remember after I had explained my traumas and symptoms to my current therapist, I asked her if I it was true that I had something wrong with me (my psychiatrist had told me the week prior that much of what I was experiencing aligned with the PTSD diagnosis and I was startled). I'll never forget her saying ""No, you definitely have PTSD,"" and in that moment I experienced more validation of my suffering then I had in my entire life. Shell shocked, I told my mom about it in the car and she made it very clear to me how there was no way in her mind that it could be that serious.",moderate,158
"Suddenly she snaps and goes ""I fucking hate my brother, he is the biggest piece of shit ever, I couldn't care less about him"" and just started going off. Now, I know her brother can be pretty psychotic and from what shes told me he clearly has anger issues and the rest of her family keeps ignoring it, sometimes even enabling it. So 2 minutes into her exploding, she starts crying because apparently her brother told their dad something and the dad called her and said he doesn't trust her anymore or whatever. She was very upset about the dad thing because she's very close with her dad and she's her dads favorite child (he told me that himself when I spoke with him). I didn't want to pry too much because I felt like it isn't exactly my business of their internal family issues, but my girlfriend screenshot the text messages her brother sent her and I just could not comprehend how a human being, especially a sibling, can say that to someone.",minimum,174
"Hi everyone, this is my story, what I've been able to take away from it, and the feelings and the hurt that have lingered, as well as questions. Warning, this is kind of a long post, but there is a lot I need to say and just get out of my head. Trigger and Content Warnings**:** Explicit mentions of sex acts with some details,mentions of coercion, mentions of being threatened, mentions of alcoholism. Things to know about me, for the context of my life and who I am: I am 24, I am queer, my pronouns are she/her, I am trans-gender woman (please Google if you are unfamiliar with the terms), I am autistic, and as a child I was home-schooled for a very long time and lived in the middle of nowhere farm country, with no buses, sidewalks, or means of transportation. When I was 13, I had just found out my father was diagnosed with early onset dementia and I was stricken, to say the least, knowing that my already dysfunctional family was about to go through the horrors of watching my father become less and less of himself.",minimum,191
"My boyfriend and I have been together for 2 years, he's in college and he wants to work to have extra spending money, his friend who works at a restaurant said that he'd help him get a job there. The staff at this restaurant are at least 90% female and I'm not really okay with this, I don't know what to say to him about it so I haven't mentioned the thing about other girls, but I have expressed that I would rather he not get a job. My family is from Chile and my father had an investors Visa and that is how we got to the US, my parents are very well off and I have told my boyfriend that I'd be completely fine with financially supporting him at least even just while he's in school, and he said he still wants a job ""for the social aspect as well"". Which kinda seemed odd to me, why would he want job for the social aspect even if he doesn't need the money? When the job is at a place that is over 90% female?",minimum,186
"Long story but a few years ago my wife of fifteen years, who had never been with anyone else opened up and told me she fantasized a lot about being with other men, and considered herself somewhat polyamorous. I was upset and it took a couple of years of us discussing this before I started to feel more comfortable with things. We eventually started swinging (only about once every couple of months and always same room) as it seemed like a way for us to explore this part of her together, and it ended up being a lot of fun and something I really enjoyed that brought us closer together. Well, it’s been a couple of years and I’ve felt happy and comfortable with where we are at but I decided to ask my wife the other day and she said she was happy but she also had a desire to date people separately, and would be willing to try it if I was. This was really hard for me to hear.",minimum,172
"I come from an Asian family where kids are not expected to move out, its the opposite where kids are supposed to live at home and take care of the parents when they become adults, however living in America has made me hate this mindset because I am never able to be an individual. My dad is extremely controlling and a downright bully, he verbally abuses me and my siblings about anything possible just for the sake of abusing us. He always demands we listen to him and do things his way and if we don't we are ""disobedient"" and ""bad children"". He even abuses my mom verbally and she knows it but deals with because its how she was raised, even random strangers like waiters and cashiers at stores are bullied, he'll complain about lines being long and blame cashiers for being ""slow"" ect. OVERALL THIS MAD IS EXTREMELY NEGATIVE and if you try to talk back or explain to him to be a little bit nicer he gets defensive and goes on a tantrum how hes our dad and we have no right to talk to him like that.",minimum,191
"lost best friend of 12 years also i ""think"" i have some type of skin things weather it's mites or fleas or scabies or something idk i'm guessing scabbies and i've tried the remedy for it multiple times but it didn't cure it just kinda lessened the symptoms so w/e it is i have or if it's all in my head i have no idea also been getting alot of headaches but yeah and i'm completely confused and i have no idea what to do or anything i've been researching and trying to find stuff but google isn't that good apparently, i've found out about couchsurfers, dumpster divers, and stuff i just i don't know what to do i really just wish i could start over, or find some kinda self help group or facility. Some where that could help me out with life skills and with my confusion, depression etc again im just really confused and not sure what to do.",severe,162
"I of course understand her wanting me to be safe, but I have an IUD and use condoms 100% of the time, which she knows because she pries about my sex life. She knows I'm sexually active and I don't have a boyfriend and is really judgmental about me having casual sex. I had a pregnancy scare last week (I'm not pregnant) and all I wanted was some advice from my mom and she used it as a way to make me feel bad about my sex life. When I was younger, she would constantly slut-shame me for things I hadn't even done, and made me feel so guilty about the idea of even having sex that I didn't have sex even with my year-long high school boyfriend because of this crippling guilt. Whenever we argue she makes it a time to critique my entire personality and not just my behavior in that argument or even within my relationship with her.",severe,161
"Its hard knowing that everyone around you doesn't have these issues, It's hard that it takes an extreme amount of work just to make a normal day in life go by smoothly(which it almost never does) At first I felt like I had a grasps on this whole PTSD thing because it made sense when I first got diagnosed but the longer it's been the harder this is to deal with. Do you know what it's like to constantly feel uncomfortable in your own skin but you can never turn it off? this is the answer I give when people ask me what's wrong, because there's always more than one thing going on at the same time. I find myself drinking more than i'd like to admit,I never drank before this, anything to take the edge off. I feel like I'm having to teach myself everything all over again, I don't even know how to formulate that into words.",severe,159
"I just couldn't cope, the abuse I already remembered was bad enough but this...this was just too much for me to deal with. 2 weeks ago I couldn't take it anymore and took a large overdose, which ended up with me being in hospital...I now have done a little damage to my heart and shall have to live with that...I should probably point out that I am under 7st and have had an eating disorder since I was 7...it was the only thing I could control...you see I had no safe place, I'd leave my abusive home and go to school...where I was the only ginger child...sure I don't need to point out how hard that was. This is going to stop quite abruptly now, for I don't really know what else to say right now.. Each and everyday is a constant struggle and I am tired of drs telling me to be strong and just get on with life...I am 26years old for 20years I have had to be strong and ""survive"" well I'm tired of surviving...that doesn't mean I want to die but I do want it all to stop, I want to <url> to be happy and trust people, to realise what love is, I mean I have an amazing partner who loves me dearly but I question him every damn day...you see he doesn't hurt me and love...well as my Dad taught me...love is to hurt and lie....but that isn't love at all is it? !",severe,250
You’re losing control Juststopthinking— —You’re panicking Stop —Panicking,minimum,8
"He explained that he didn’t think it was such a big deal that he disclosed such personal information about me without my permission to his friends then he tried to flip it and said it was no different then a time I canceled plans with a friend and told them the reason was because he, Tom was sick with the flu and I was going to stay in and take care of him. How is me honestly explaining that the reason I would have to cancel on a friend because my boyfriend is sick, the same as him giving away very detailed information about our sex life plus other very personal traumas that I experienced without my permission? I feel like he’s trying to gaslight me and I’m seeing a side to him I’ve never seen. I’m honestly thinking about ending things with him over this. TL;DR my boyfriend told his friends VERY detailed information about our sex life plus other personal things about my life without my permission and I feel so betrayed but he’s trying to act like it’s no big deal.",minimum,184
(One is 3 yrs old and the other 19) . Now my dad would beat my mom but over the course of the years as I grew older he turned the violence onto me. He would see that I defended my mom and since I called the police one time (I found him choking her onto the wall) he stopped hurting her and transitioned into beating me. Now I know you guys may ask why did you continue to allow the abuse with you if you had stopped it with your mother before? Well I have an answer to that my mother loved my father very much and every time I tried contacting the police she would stop me and I have a lot of love towards my mother and would do anything for her... but anyways back to the present we no longer live with him anymore and we have cut all ties with him except for my brother.,minimum,160
"My Social Security disability case is still winding its way through the labyrinth of that particular bureaucracy, but there'd be no need to worry about me cutting into your food, as I do receive SNAP. I *could* get a small storage unit for my belongings while I ""hold out"" around these people, though that'd be less than ideal (and dangerous)... and paying for the unit would cut into the funds I'd need to cover fuel and such getting out and going up North. Hence why I'm trying posting here. I suppose it's also worth mentioning that my friend's car is on the smaller side, which might make a tight squeeze, so if anyone has a larger vehicle, and is able and willing to move me and my stuff from Fort Worth to Fort Wayne, that'd be cool. I'd be able to cover fuel and such (well, so long as it's not a major gas guzzler we're talking about - I've got about $200 for that purpose).",minimum,166
"But then I'll get there and he'll drop the bomb that his GF is coming over and to be honest, it totally makes me want to bail early. It's just annoying to be invited to come over and thinking you're gonna have some bro time gaming and what not, only to get there have him drop the bomb that his GF is coming over and being stuck between either listening to 5th grade cheesy/cringeworthy convos or figuring a way to bail early without coming across as an asshole. How can I talk with my buddy in a polite way about the matter, that when he invites me over I'd prefer it to be bro time without coming across as an asshole or that I'm against his GF as a person which I'm totally not! Again, she's really sweet and he has every right to want his GF to come over to, I'm just tired of the surprise third wheel through the most goose bump inducing conversations and want some strategies how I can communicate with my friend that I don't like sitting through that. Thanks in advance!",minimum,187
"My girlfriend and I have been amazingly strong for the last 8 months, shortly before new years she told me that she feels very much in ""love"" with me but ""doesnt feel right"". She wanted an unknown amount of time away from the relationship saying only a couple of weeks and still wanted to keep the same ground rules as when were together (monogomous, etc..) Shes vague when i try and talk to her about it, stating she just feels like somethings wrong and that shes doing this so she can fix her self and come back to 'us' stronger I talked to her again last night and as always shes adamant this is because she loves me and wants us to work more then anything... Shes never lied to me before, not even over little things so i have no reason to doubt her intentions. Basically i said i feel like her backup and i wanted to breakup untill this 'problem' is resolved so today we split for a month",minimum,171
"Okay this is driving totally insane and I can't function normally because of it, I have had intrusive thoughts basically for as long as I can remember, though now they are pushing me closer and closer to insanity. I am only focusing on one disturbing thought now which I really only need serious and helpful answers for. To start off, I remember it being the start off 2015 and I was sleeping over at my best friends house who we will call ""J"". Now J and I would always stay up all night when having sleepovers, and this certain night I managed to pull through to 6:30 am 30 minutes after J had fallen asleep, though when I woke up I was in his sisters bed. Now since then up until now, I just assumed that I was literally half asleep and that I was just looking for anywhere comfortable to sleep that wasn't taken in my literally half asleep state of mind (both his sisters had stayed up all night in the living room I've believed up until this moment, also something to keep in mind is that both of us were to young to be consuming alcohol and I have no memory of myself entering their room.",minimum,209
"Spring 2102 I began to see a man that I worked with and that only made my roommate jealous and angry. I went to a pdoc (who was basically a pharmaceutical dispensary and appointments only lasted 15 minutes) who diagnosed me with ADHD, generalized anxiety disorder and caffeine dependency. My ex-roommate(who had PTSD from fighting in Iraq and BPD) became jealous that I was hanging out with and spending all my time with a man that was not him, he began to hide my prescription anxiety and sleep medication so I would have to spend more time at my apartment and with him. Late summer 2012 I was able to catch him doing a series of illegal things, had him arrested for petty theft and evicted him from the apartment. I spent a couple months more in the apartment and ultimately ended up moving in with the man I had begun to see (he and I have now been together almost 5 years).",minimum,163
"I'd never heard this idea until recently, and I'm starting to see it cropping up more, always in opposition to any kind of support (or even empathy) for the homeless - any attempt to help the homeless is pointless because 'most' homeless people want to be homeless; therefore housing programs/assistance, mental health & substance abuse support are wasted because the homeless are too lazy to get themselves out of homelessness and 'enjoy' their condition, because they don't have to work, because they don't have to pay bills, because they don't have responsibilities, because they're lazy etc. I strenuously disagree with this, and I feel like it's an attempt to move the goalposts; there's a growing awareness that homeless people may not necessarily be homeless because they got themselves into that position and they 'deserve' it, but because of substance abuse issues and mental health problems, coupled with a breakdown in social network. But that's a lie, or 'lefty propaganda', for some people; they want to believe, despite whatever legitimate reasons some homeless may have for not being in shelters, say, that it's a *moral failing* \- going full circle, they don't deserve help because their homelessness is a consequence of decisions they made. Thoughts?",minimum,204
"I dwell on negativity quite easily and am I easily impressionable to brooding. I tend to express myself intensely to people without realizing it, giving the wrong impression because it's natural for me to be intense, but I am also quite composed and can for the most part be 'chill' but it's just that I only have two parts to me, a 'chill' way of expressing myself, and a passionate/intense way of expressing myself, so I come off the wrong way without realizing it when I think I'm being normal. People say that I'm a great person and easily liked but I don't realize sometimes how my expression and tone may come off, and people naturally give me a benefit of a doubt that I'm just passionate. My jealousy is extreme, and it causes me to be a questioning type but I use subtle ways to get information so it appears as normal a question because I have attachment issues and fear of loss. There is more to explain but I got to the bare bottom of the issue after realizing these habits.",moderate,183
"I don't get anxious over things that I know won't happen and i don't get anxious in social situations, but i feel like if i stay with my dad, who right now especially needs someone to be with him, I'll be thrown into an inescapable pit of despair because all I'll do is worry about him. But if I leave, I'll be the loneliest person on the planet, and I'll still worry about him because he's my dad and i really do love him. Not only that, but im a college student who takes 14-16 units a semester and I'll have to start working 30-40 hours to move out and i just feel like i can't do it anymore. I have friends who back me up in everything that i do but some days (like today) its not enough. I just want to be at least at peace with myself but no matter what option i choose i can't even manage that.",moderate,162
"I get that three mistakes in a row is nothing new, I've seen coworkers make that many in a day. I just can't shake the very strong feeling that this person may not be a safe person to be around and I have no idea if that is a helpful gut feeling or if it's a weird and new manifestation of the PTSD (I've never had this issue before, previously people only triggered my ptsd when refusing to let me leave or when being quite physically aggressive) Obviously I am going to talk to the PTSD counselor about this to see what they think but I have to decide about this appointment by first thing tomorrow (13.5 hours from posting) whether to trust them enough to keep the appointment, or to cancel it for now so I don't risk getting kicked out from appointment mixups. I'd try in a new city in a couple months when I have a stable living situation. Is there a way to gauge if someone is unsafe or if I'm paranoid?",minimum,176
"I am called back as a few secondary characters in a play with plenty leads and these character have one line each and sometimes no lines at all so I’m basically ensemble again. To top that off I got called back as the same four characters that like 13 girls are going to compete for and one of them is a new girl in school that this was her first audition. I’m a bit jealous and I know I shouldn’t be but I’m not jealous that the new girl got in, it’s a mix of jealousy and disappointment and dissatisfaction in myself. Plus these two guys that I might have a slight crush on are called back for main characters that kiss the leads in the play so I’m a bit mad about that too. Sorry for ranting so much and I might sound like a bitch but I just need some place to rant and this felt like the best place for it since I’m so stressed and mad at myself about this.",severe,174
"No history of DV, married 8 years, together 10 years, nothing like this has ever happened before. We have two children, 2 & 5 that unfortunately witnessed nearly everything. Sunday night we had both been drinking, she was significantly more intoxicated than I (likely due to not eating much that day.) She came out of our bedroom and started ""doing"" the dishes - slamming everything in the process. I raised my voice telling her to go to bed and I would handle the dishes - she snapped, started screaming, hitting me in the chest (slapping to be a little more precise if alcohol+adrenaline actually allow for vivid memory recollection) before I know it she has a knife - I take it out of her hand and grab the second knife that was in sight (dinner had recently been prepared, we used multiple knives to do so) I threw them both in the trashcan, but her rampage continued and she soon had yet another knife in her hand, this time pointed directly (or close to) her heart, stating that she wanted it to all be over, never wanted any of this (we relocated 800 miles for my work approx 3 weeks ago and left behind every friend and family member we have that could help either of us right now) I grabbed both of her wrists and we struggled, we both hit the ground and I held her down until I could remove the knife from the situation - at some point I was stabbed just above my thumb even though I did not realize it until minutes later.",minimum,268
"Almost too well. She extends our date twice, buys us a drink each, starts a make out session which lasts for 2 hours, calls me hot, and although neither of us had a house free she gave me oral too. Although she said she had a great time - which I replied to - I then waited to respond to her next message, and I don't know if that killed any momentum because I was already very delayed when we first got talking of course. Anyway, despite our great date and a second one lined up when I asked her out a day later, she ended up cancelling on me, and then told me a week later that she got more serious with another guy - which to me only translated as him being hot and me being ugly. They broke things off a week later, and she did ask me out again, but at one stage I annoyed her with a jokey message.",minimum,164
"in the end i just end up leaving, ignoring the question or just saying something like ""haha, i'm not really interested in that sort of thing"" or whatever. that's all fine i guess, but what really pisses me off is when people act like it's some kind of status symbol to be sexually active (we are 18, ok.) and treat you like an immature loser if you aren't. wish i'd known that it was cool and a good thing back when i was being abused, it could have given me some playground cred or something instead of a lifetime of trauma processing. lol! i know my anger isn't justified, that their intention is not to be offensive or rude, that i'm being petty and immature and that i shouldn't take offense from these typical teenage status things but sometimes i just want to tell people about all the horrible things i went through so they will shut the fuck up and leave me alone.",minimum,164
"I'm afraid that I could also give her those snapchats. Usually I wouldn't care but first of all I know how much it would hurt her if She had seen it. I hate myself for lying but I just know how much it would hurt both me and Her, I also love Her more than anything or anyone else. I told her I won't be talknig with anyone and that I don't like anyone in that class (which I did). I have no idea what I should do, if I tell her that She's goin to breakdown and quite possibly break up, if I don't do anything it's gonn get even worse but I also can't tell that to her, I just can't hurt Her or see her get hurt and I just can't even imagine loseing her, especially because something that I know well I fu*ked up and could and should have been avoided but it happend althozght it shouldn't and I can't stand it.",minimum,166
"I'll call him out on his behavior or try to stand up for myself, and then he'll either get mad and give me the silent treatment and not apologize, or he'll tell me I'm lying and that he didn't do or say something. Even though I know he did. He criticizes my parenting and tells me I'm lazy since I'm a SAHM (even though I do all the cleaning, cooking, taking care of our toddler, taking care of our pets and anything else around the house with little help from him because he feels entitled to not do anything since he works and I don't). To top it all off, he doesn't think he has a drinking problem... yet always drinks at least 3 beers or more every night. He also slapped my son and left a mark on his face while we were camping (I didn't see him do it because I went to go pee but saw it and asked about it when I got back).",minimum,168
"I am unsure how to begin, but brief about me. I was a mess in my youth, half way houses, trouble etc, never got into drugs or drinking but did have a child young but her mother cheated then moved away, was sometime before we reconnected (she wanted child support and that was fine) but by this time I had moved to another country to get myself out of the existence I lived in. And this was going well, great career, started a family etc, all awhile building a long distance relationship with my eldest (not easy as they kept moving around). fast forward some years later, my eldest has attempted suicide due to many things but one being Aspergers making it hard for her young mind to cope with teenage hormones, so I made a choice to return to the US, to help her. I had to change careers, and try starting from scratch, brought my young family over and at first seemed all was fine.",minimum,167
"And I think it's important to get to know someone for a bit before making a decision to live together. I'm happy to send pictures of me, talk via voice, webcam, or whatever. The major restriction I have is that it will have to be at specific times because my abusive partner is home most days. I also will have to speak with anyone on secret messaging accounts when the abusive partner is not home, so I am not always available to talk about this but I check those accounts as much as possible. Due to anticipated trolling and people just asking questions that I've already answered (like telling me to go to a shelter instead), rather than coming back to all these posts (I'm posting this on a ton of websites) to see the replies, I'm just going to let anyone who is serious about speaking to me message me privately through the following places.",minimum,156
"I have extremely depressed and yes I've thought about suicide, but my family needs me alive, they need me or they may die, it's very dire where they live. I need pointers on how to find a good city to be homeless in, how to obtain a mailing address so I don't lose my SSDI (they've already pulled the stunt of ""you have 10 days from this mailing to respond or you are kicked off of SSDI, give us your last 5 years records) they've done this 4 times already in the past 10 years. I've been rejected for DSS services, no food stamps, I'm losing medicaid (but still have medicare, for now), no housing help (waiting list here is years), and only one agency is still willing to help me, a job agency, and the workers there are very distraught over my situation as they've tried very hard with me to help me get a good job. I have about 10 solid skills but I keep getting turned away and we cannot figure out why? I don't use drugs or alcohol, haven't even smoked weed since a teen and I'm about 61 years old.",minimum,195
"First off I'm male but my relationship with the woman is strictly platonic stemming from professional, we are co-workers. It's no secret to anyone that she's in an abusive relationship as she's come to work several times over the last several months with blackeyes etc and admits to being abused. She been in the relationship for 1.5 years which turned info is out of the way, here's the new twist that has brought me to split roads. Yesterday she showed me a text from him detailing how angry he'd been at her 12 yr old and that if he didn't have so much will power he would have choked her son to death and that she needs to get her son to behave so he doesn't have to crack his skull. I encouraged her to show that to Leo and have him removed from the apartment as well as get an order of protection, she seemed to be considering that but has expressed fear of retaliation in the past.",minimum,169
"I also added up the value of everything I can possibly remember that's either missing or destroyed, and it reaches over 2,100 dollars...and that's a lenient estimate, I definitely rounded down. But I'd love to charge another grand for mental anguish or whatever. The whole ordeal has been like Trigger-City for someone like me who is struggling to recover from mental illnesses and over a year and 9 months clean after 10-12 years of substance abuse. I'm also receiving supportive services from a county program aimed at helping mentally ""screwed up"" people become independent, for lack of a better term. What's cool about the service is that I get a case manager who I can call for advice and in turn checks on me and referred me to a halfway house which only lasts 30 days but it's much better than having to stay at the local shelter, which might be my only option come June...",minimum,156
Im studying at a university abroad And I have failed or got a really bad grade my first semester subjects due to starting a month late and searching for accommodation for atleast 2 weeks or I would have stayed on the streets. I have been doing my absolute best to pass but the subject were very difficult on my own....I have tried studying and watching old lectures and everything but the syllabus was too long in several cases ( mathematics was much more difficult and longer than abitur according to our professor) and exams were just too hard for me in my situation so I failed. The thing is she linked this with studying with my friends which I only recently started doing it because they were very helpful and my progress increased significantly. She now commands me to just cut all relations with any friends that I have made whom for the first time in my life are ones who i looked forward to seeing them the next day because I enjoy there company.,minimum,175
"And now that they have been living separately I had to move back in with my dad (after I couldn’t afford college) and he’s gotten to the point that he won’t even clean up after his dog so the house smells of urine or clean his clothes and all he does is play video games and yell at people. He will smoke weed and go to work and come home and never clean his dishes or anything. He’s turned into this monster who doesn’t care about anyone and will get rid of everyone if they inconvenience him even a little and he’s obsessed with money and making music. Now I have these bad nights a lot when people poke at me about my past, since today someone poked fun at me about an identity issue I used to have and now I’m just in a horrible place. It feels like anxiety is slowly pulling me into my bed.",minimum,158
"I hadn't realized until a year ago, but this gave me ptsd and shaped the way I interact with men and boys. Now I'm dating a boy who is very sweet, very understanding and such, but I often find myself thinking about ending it because his behavior feels too ""man-ish"" to me, and it makes me uncomfortable and scares me. It puts me in a very irritated state - a response to feeling threatened by men in my case - and often starts ""discourse"" between us. Luckily he is very understanding and we talked about it a lot, but whenever he asks me what he's doing that makes me uncomfortable, I can't answer, I can't put it into words, which means he can't change his behavior perfectly and that the cycle will start over again. I'm fighting as hard as I can against the effects of my ptsd on my relationship, as it is very important to me to make it work, but I know when we end it, it will be partly caused by it.",moderate,176
"I forgot about it until I noticed one day that I saw a co workers name written on a receipt that was for a room sale (we stapled the receipt of the room sale on the back of the vip room tracking sheet to keep up with sales) I asked the manager what that was about. He told me that that is how the bookkeepers keep track of who sold which room so they will get credit and the surcharges of the sale. So I explained to him I was never told of this and explained that in my six month tenure I had never received anything. He then told me he would help me go through each sale with me to make sure I get the amount I was supposed to get. I was fired a week after that conversation because an entertainer tipped me 80 bucks when I made her 3500 I never complained or anything about it, but they fired me for not splitting that 80 bucks with everyone.",minimum,172
"I had been searching for a new place to live since the start of that 6 month notice but I was not capable of finding anywhere to go mainly due to not being able to afford any additional expenses nor was there any source for me to receive the money I required, and since then I have been living outside for the past 5 weeks. During my stay outdoors, I currently work and maintain 3 jobs; one that pays me officially and 'on the books', while the other two serve as jobs that pay me on the side and 'off the books'. This isn't an easy affair either as they all require me to travel to different locations around the area by walking or use of public transportation, which is one of the expenses I am forced to cover on my own and my lack of sleep does not help matters regarding my performance as these jobs. Currently, and for the past 5 weeks, I've been staying at the beach nearby my old home as this is the only area where I am not told to leave by any authority figures, such as on-site workers and police patrolling the area, and also the only area I felt remotely safe at. Recently the weather has gotten pretty bad and this place is no longer the safe haven it once was for me.",minimum,231
